"country","country_name","sex","age","cases"
"AD","Andorra","m","0-14",0
"AD","Andorra","m","15-24",0
"AD","Andorra","m","25-34",1
"AD","Andorra","m","35-44",0
"AD","Andorra","m","45-54",0
"AD","Andorra","m","55-64",0
"AD","Andorra","m","65+",0
"AE","United Arab Emirates","m","0-14",2
"AE","United Arab Emirates","m","15-24",4
"AE","United Arab Emirates","m","25-34",4
"AE","United Arab Emirates","m","35-44",6
"AE","United Arab Emirates","m","45-54",5
"AE","United Arab Emirates","m","55-64",12
"AE","United Arab Emirates","m","65+",10
"AE","United Arab Emirates","f","0-14",3
"AE","United Arab Emirates","f","15-24",16
"AE","United Arab Emirates","f","25-34",1
"AE","United Arab Emirates","f","35-44",3
"AE","United Arab Emirates","f","45-54",0
"AE","United Arab Emirates","f","55-64",0
"AE","United Arab Emirates","f","65+",4
"AF","Afghanistan","m","0-14",52
"AF","Afghanistan","m","15-24",228
"AF","Afghanistan","m","25-34",183
"AF","Afghanistan","m","35-44",149
"AF","Afghanistan","m","45-54",129
"AF","Afghanistan","m","55-64",94
"AF","Afghanistan","m","65+",80
"AF","Afghanistan","f","0-14",93
"AF","Afghanistan","f","15-24",414
"AF","Afghanistan","f","25-34",565
"AF","Afghanistan","f","35-44",339
"AF","Afghanistan","f","45-54",205
"AF","Afghanistan","f","55-64",99
"AF","Afghanistan","f","65+",36
"AG","Antigua & Barbuda","m","0-14",0
"AG","Antigua & Barbuda","m","15-24",0
"AG","Antigua & Barbuda","m","25-34",0
"AG","Antigua & Barbuda","m","35-44",0
"AG","Antigua & Barbuda","m","45-54",0
"AG","Antigua & Barbuda","m","55-64",0
"AG","Antigua & Barbuda","m","65+",1
"AG","Antigua & Barbuda","f","0-14",1
"AG","Antigua & Barbuda","f","15-24",1
"AG","Antigua & Barbuda","f","25-34",1
"AG","Antigua & Barbuda","f","35-44",0
"AG","Antigua & Barbuda","f","45-54",0
"AG","Antigua & Barbuda","f","55-64",0
"AG","Antigua & Barbuda","f","65+",0
"AL","Albania","m","0-14",2
"AL","Albania","m","15-24",19
"AL","Albania","m","25-34",21
"AL","Albania","m","35-44",14
"AL","Albania","m","45-54",24
"AL","Albania","m","55-64",19
"AL","Albania","m","65+",16
"AL","Albania","f","0-14",3
"AL","Albania","f","15-24",11
"AL","Albania","f","25-34",10
"AL","Albania","f","35-44",8
"AL","Albania","f","45-54",8
"AL","Albania","f","55-64",5
"AL","Albania","f","65+",11
"AM","Armenia","m","0-14",2
"AM","Armenia","m","15-24",152
"AM","Armenia","m","25-34",130
"AM","Armenia","m","35-44",131
"AM","Armenia","m","45-54",63
"AM","Armenia","m","55-64",26
"AM","Armenia","m","65+",21
"AM","Armenia","f","0-14",1
"AM","Armenia","f","15-24",24
"AM","Armenia","f","25-34",27
"AM","Armenia","f","35-44",24
"AM","Armenia","f","45-54",8
"AM","Armenia","f","55-64",8
"AM","Armenia","f","65+",4
"AN",NA,"m","0-14",0
"AN",NA,"m","15-24",0
"AN",NA,"m","25-34",1
"AN",NA,"m","35-44",2
"AN",NA,"m","45-54",0
"AN",NA,"m","55-64",0
"AN",NA,"m","65+",0
"AN",NA,"f","0-14",0
"AN",NA,"f","15-24",0
"AN",NA,"f","25-34",1
"AN",NA,"f","35-44",0
"AN",NA,"f","45-54",0
"AN",NA,"f","55-64",1
"AN",NA,"f","65+",0
"AO","Angola","m","0-14",186
"AO","Angola","m","15-24",999
"AO","Angola","m","25-34",1003
"AO","Angola","m","35-44",912
"AO","Angola","m","45-54",482
"AO","Angola","m","55-64",312
"AO","Angola","m","65+",194
"AO","Angola","f","0-14",247
"AO","Angola","f","15-24",1142
"AO","Angola","f","25-34",1091
"AO","Angola","f","35-44",844
"AO","Angola","f","45-54",417
"AO","Angola","f","55-64",200
"AO","Angola","f","65+",120
"AR","Argentina","m","0-14",97
"AR","Argentina","m","15-24",278
"AR","Argentina","m","25-34",594
"AR","Argentina","m","35-44",402
"AR","Argentina","m","45-54",419
"AR","Argentina","m","55-64",368
"AR","Argentina","m","65+",330
"AR","Argentina","f","0-14",121
"AR","Argentina","f","15-24",544
"AR","Argentina","f","25-34",479
"AR","Argentina","f","35-44",262
"AR","Argentina","f","45-54",230
"AR","Argentina","f","55-64",179
"AR","Argentina","f","65+",216
"AS","American Samoa","m","45-54",1
"AS","American Samoa","m","55-64",1
"AS","American Samoa","f","45-54",1
"AT","Austria","m","0-14",1
"AT","Austria","m","15-24",17
"AT","Austria","m","25-34",30
"AT","Austria","m","35-44",59
"AT","Austria","m","45-54",42
"AT","Austria","m","55-64",23
"AT","Austria","m","65+",41
"AT","Austria","f","0-14",1
"AT","Austria","f","15-24",11
"AT","Austria","f","25-34",22
"AT","Austria","f","35-44",12
"AT","Austria","f","45-54",11
"AT","Austria","f","55-64",6
"AT","Austria","f","65+",22
"AU","Australia","m","0-14",3
"AU","Australia","m","15-24",16
"AU","Australia","m","25-34",35
"AU","Australia","m","35-44",25
"AU","Australia","m","45-54",24
"AU","Australia","m","55-64",19
"AU","Australia","m","65+",49
"AU","Australia","f","0-14",0
"AU","Australia","f","15-24",15
"AU","Australia","f","25-34",19
"AU","Australia","f","35-44",12
"AU","Australia","f","45-54",15
"AU","Australia","f","55-64",5
"AU","Australia","f","65+",14
"AZ","Azerbaijan","m","0-14",0
"AZ","Azerbaijan","m","15-24",9
"AZ","Azerbaijan","m","25-34",24
"AZ","Azerbaijan","m","35-44",33
"AZ","Azerbaijan","m","45-54",42
"AZ","Azerbaijan","m","55-64",30
"AZ","Azerbaijan","m","65+",0
"AZ","Azerbaijan","f","0-14",0
"AZ","Azerbaijan","f","15-24",3
"AZ","Azerbaijan","f","25-34",3
"AZ","Azerbaijan","f","35-44",6
"AZ","Azerbaijan","f","45-54",3
"AZ","Azerbaijan","f","55-64",0
"AZ","Azerbaijan","f","65+",0
"BA","Bosnia & Herzegovina","m","0-14",4
"BA","Bosnia & Herzegovina","m","15-24",56
"BA","Bosnia & Herzegovina","m","25-34",82
"BA","Bosnia & Herzegovina","m","35-44",99
"BA","Bosnia & Herzegovina","m","45-54",66
"BA","Bosnia & Herzegovina","m","55-64",58
"BA","Bosnia & Herzegovina","m","65+",77
"BA","Bosnia & Herzegovina","f","0-14",4
"BA","Bosnia & Herzegovina","f","15-24",30
"BA","Bosnia & Herzegovina","f","25-34",46
"BA","Bosnia & Herzegovina","f","35-44",29
"BA","Bosnia & Herzegovina","f","45-54",29
"BA","Bosnia & Herzegovina","f","55-64",48
"BA","Bosnia & Herzegovina","f","65+",124
"BB","Barbados","m","0-14",0
"BB","Barbados","m","15-24",0
"BB","Barbados","m","25-34",0
"BB","Barbados","m","35-44",2
"BB","Barbados","m","45-54",0
"BB","Barbados","m","55-64",0
"BB","Barbados","m","65+",0
"BB","Barbados","f","0-14",0
"BB","Barbados","f","15-24",0
"BB","Barbados","f","25-34",1
"BB","Barbados","f","35-44",0
"BB","Barbados","f","45-54",0
"BB","Barbados","f","55-64",0
"BB","Barbados","f","65+",0
"BD","Bangladesh","m","0-14",256
"BD","Bangladesh","m","15-24",3640
"BD","Bangladesh","m","25-34",5643
"BD","Bangladesh","m","35-44",5750
"BD","Bangladesh","m","45-54",4718
"BD","Bangladesh","m","55-64",3667
"BD","Bangladesh","m","65+",2837
"BD","Bangladesh","f","0-14",495
"BD","Bangladesh","f","15-24",3029
"BD","Bangladesh","f","25-34",3238
"BD","Bangladesh","f","35-44",2247
"BD","Bangladesh","f","45-54",1315
"BD","Bangladesh","f","55-64",778
"BD","Bangladesh","f","65+",370
"BE","Belgium","m","0-14",3
"BE","Belgium","m","15-24",20
"BE","Belgium","m","25-34",57
"BE","Belgium","m","35-44",39
"BE","Belgium","m","45-54",55
"BE","Belgium","m","55-64",32
"BE","Belgium","m","65+",56
"BE","Belgium","f","0-14",6
"BE","Belgium","f","15-24",15
"BE","Belgium","f","25-34",15
"BE","Belgium","f","35-44",19
"BE","Belgium","f","45-54",4
"BE","Belgium","f","55-64",13
"BE","Belgium","f","65+",27
"BF","Burkina Faso","m","0-14",12
"BF","Burkina Faso","m","15-24",91
"BF","Burkina Faso","m","25-34",274
"BF","Burkina Faso","m","35-44",252
"BF","Burkina Faso","m","45-54",133
"BF","Burkina Faso","m","55-64",68
"BF","Burkina Faso","m","65+",65
"BF","Burkina Faso","f","0-14",7
"BF","Burkina Faso","f","15-24",59
"BF","Burkina Faso","f","25-34",128
"BF","Burkina Faso","f","35-44",101
"BF","Burkina Faso","f","45-54",45
"BF","Burkina Faso","f","55-64",38
"BF","Burkina Faso","f","65+",14
"BG","Bulgaria","m","0-14",0
"BG","Bulgaria","m","15-24",13
"BG","Bulgaria","m","25-34",16
"BG","Bulgaria","m","35-44",20
"BG","Bulgaria","m","45-54",3
"BG","Bulgaria","m","55-64",9
"BG","Bulgaria","m","65+",10
"BG","Bulgaria","f","0-14",0
"BG","Bulgaria","f","15-24",11
"BG","Bulgaria","f","25-34",14
"BG","Bulgaria","f","35-44",7
"BG","Bulgaria","f","45-54",3
"BG","Bulgaria","f","55-64",4
"BG","Bulgaria","f","65+",6
"BH","Bahrain","m","0-14",0
"BH","Bahrain","m","15-24",0
"BH","Bahrain","m","25-34",3
"BH","Bahrain","m","35-44",2
"BH","Bahrain","m","45-54",5
"BH","Bahrain","m","55-64",3
"BH","Bahrain","m","65+",4
"BH","Bahrain","f","0-14",0
"BH","Bahrain","f","15-24",1
"BH","Bahrain","f","25-34",2
"BH","Bahrain","f","35-44",0
"BH","Bahrain","f","45-54",1
"BH","Bahrain","f","55-64",1
"BH","Bahrain","f","65+",1
"BJ","Benin","m","0-14",19
"BJ","Benin","m","15-24",277
"BJ","Benin","m","25-34",428
"BJ","Benin","m","35-44",327
"BJ","Benin","m","45-54",213
"BJ","Benin","m","55-64",103
"BJ","Benin","m","65+",74
"BJ","Benin","f","0-14",36
"BJ","Benin","f","15-24",239
"BJ","Benin","f","25-34",275
"BJ","Benin","f","35-44",149
"BJ","Benin","f","45-54",76
"BJ","Benin","f","55-64",45
"BJ","Benin","f","65+",25
"BN","Brunei","m","0-14",0
"BN","Brunei","m","15-24",6
"BN","Brunei","m","25-34",4
"BN","Brunei","m","35-44",15
"BN","Brunei","m","45-54",5
"BN","Brunei","m","55-64",7
"BN","Brunei","m","65+",15
"BN","Brunei","f","0-14",0
"BN","Brunei","f","15-24",4
"BN","Brunei","f","25-34",6
"BN","Brunei","f","35-44",9
"BN","Brunei","f","45-54",6
"BN","Brunei","f","55-64",3
"BN","Brunei","f","65+",4
"BO","Bolivia","m","0-14",166
"BO","Bolivia","m","15-24",1182
"BO","Bolivia","m","25-34",797
"BO","Bolivia","m","35-44",518
"BO","Bolivia","m","45-54",466
"BO","Bolivia","m","55-64",340
"BO","Bolivia","m","65+",366
"BO","Bolivia","f","0-14",191
"BO","Bolivia","f","15-24",831
"BO","Bolivia","f","25-34",588
"BO","Bolivia","f","35-44",334
"BO","Bolivia","f","45-54",254
"BO","Bolivia","f","55-64",192
"BO","Bolivia","f","65+",233
"BR","Brazil","m","0-14",1894
"BR","Brazil","m","15-24",7268
"BR","Brazil","m","25-34",11568
"BR","Brazil","m","35-44",11906
"BR","Brazil","m","45-54",8623
"BR","Brazil","m","55-64",5085
"BR","Brazil","m","65+",4494
"BR","Brazil","f","0-14",1859
"BR","Brazil","f","15-24",6719
"BR","Brazil","f","25-34",7215
"BR","Brazil","f","35-44",5395
"BR","Brazil","f","45-54",3582
"BR","Brazil","f","55-64",2384
"BR","Brazil","f","65+",2496
"BS","Bahamas","m","0-14",1
"BS","Bahamas","m","15-24",2
"BS","Bahamas","m","25-34",7
"BS","Bahamas","m","35-44",9
"BS","Bahamas","m","45-54",4
"BS","Bahamas","m","55-64",3
"BS","Bahamas","m","65+",2
"BS","Bahamas","f","0-14",2
"BS","Bahamas","f","15-24",5
"BS","Bahamas","f","25-34",7
"BS","Bahamas","f","35-44",8
"BS","Bahamas","f","45-54",2
"BS","Bahamas","f","55-64",3
"BS","Bahamas","f","65+",1
"BT","Bhutan","m","0-14",6
"BT","Bhutan","m","15-24",65
"BT","Bhutan","m","25-34",41
"BT","Bhutan","m","35-44",30
"BT","Bhutan","m","45-54",24
"BT","Bhutan","m","55-64",12
"BT","Bhutan","m","65+",2
"BT","Bhutan","f","0-14",7
"BT","Bhutan","f","15-24",57
"BT","Bhutan","f","25-34",34
"BT","Bhutan","f","35-44",31
"BT","Bhutan","f","45-54",23
"BT","Bhutan","f","55-64",3
"BT","Bhutan","f","65+",2
"BW","Botswana","m","0-14",25
"BW","Botswana","m","15-24",185
"BW","Botswana","m","25-34",605
"BW","Botswana","m","35-44",488
"BW","Botswana","m","45-54",267
"BW","Botswana","m","55-64",135
"BW","Botswana","m","65+",96
"BW","Botswana","f","0-14",37
"BW","Botswana","f","15-24",335
"BW","Botswana","f","25-34",469
"BW","Botswana","f","35-44",262
"BW","Botswana","f","45-54",98
"BW","Botswana","f","55-64",57
"BW","Botswana","f","65+",36
"BZ","Belize","m","0-14",2
"BZ","Belize","m","15-24",5
"BZ","Belize","m","25-34",7
"BZ","Belize","m","35-44",2
"BZ","Belize","m","45-54",6
"BZ","Belize","m","55-64",3
"BZ","Belize","m","65+",5
"BZ","Belize","f","0-14",0
"BZ","Belize","f","15-24",2
"BZ","Belize","f","25-34",1
"BZ","Belize","f","35-44",2
"BZ","Belize","f","45-54",4
"BZ","Belize","f","55-64",1
"BZ","Belize","f","65+",4
"CA","Canada","m","0-14",5
"CA","Canada","m","15-24",34
"CA","Canada","m","25-34",45
"CA","Canada","m","35-44",46
"CA","Canada","m","45-54",41
"CA","Canada","m","55-64",32
"CA","Canada","m","65+",79
"CA","Canada","f","0-14",4
"CA","Canada","f","15-24",33
"CA","Canada","f","25-34",40
"CA","Canada","f","35-44",30
"CA","Canada","f","45-54",25
"CA","Canada","f","55-64",12
"CA","Canada","f","65+",66
"CD","Congo - Kinshasa","m","0-14",485
"CD","Congo - Kinshasa","m","15-24",4048
"CD","Congo - Kinshasa","m","25-34",5833
"CD","Congo - Kinshasa","m","35-44",4151
"CD","Congo - Kinshasa","m","45-54",2549
"CD","Congo - Kinshasa","m","55-64",1295
"CD","Congo - Kinshasa","m","65+",602
"CD","Congo - Kinshasa","f","0-14",718
"CD","Congo - Kinshasa","f","15-24",4422
"CD","Congo - Kinshasa","f","25-34",5146
"CD","Congo - Kinshasa","f","35-44",3309
"CD","Congo - Kinshasa","f","45-54",1724
"CD","Congo - Kinshasa","f","55-64",855
"CD","Congo - Kinshasa","f","65+",351
"CH","Switzerland","m","0-14",0
"CH","Switzerland","m","15-24",5
"CH","Switzerland","m","25-34",18
"CH","Switzerland","m","35-44",10
"CH","Switzerland","m","45-54",7
"CH","Switzerland","m","55-64",5
"CH","Switzerland","m","65+",8
"CH","Switzerland","f","0-14",1
"CH","Switzerland","f","15-24",9
"CH","Switzerland","f","25-34",12
"CH","Switzerland","f","35-44",8
"CH","Switzerland","f","45-54",2
"CH","Switzerland","f","55-64",1
"CH","Switzerland","f","65+",6
"CK","Cook Islands","m","0-14",0
"CK","Cook Islands","m","15-24",0
"CK","Cook Islands","m","25-34",0
"CK","Cook Islands","m","35-44",0
"CK","Cook Islands","m","45-54",0
"CK","Cook Islands","m","55-64",0
"CK","Cook Islands","m","65+",0
"CK","Cook Islands","f","0-14",0
"CK","Cook Islands","f","15-24",0
"CK","Cook Islands","f","25-34",0
"CK","Cook Islands","f","35-44",0
"CK","Cook Islands","f","45-54",0
"CK","Cook Islands","f","55-64",0
"CK","Cook Islands","f","65+",0
"CL","Chile","m","0-14",6
"CL","Chile","m","15-24",81
"CL","Chile","m","25-34",160
"CL","Chile","m","35-44",198
"CL","Chile","m","45-54",150
"CL","Chile","m","55-64",132
"CL","Chile","m","65+",126
"CL","Chile","f","0-14",10
"CL","Chile","f","15-24",66
"CL","Chile","f","25-34",96
"CL","Chile","f","35-44",70
"CL","Chile","f","45-54",54
"CL","Chile","f","55-64",58
"CL","Chile","f","65+",83
"CM","Cameroon","m","0-14",41
"CM","Cameroon","m","15-24",518
"CM","Cameroon","m","25-34",842
"CM","Cameroon","m","35-44",584
"CM","Cameroon","m","45-54",284
"CM","Cameroon","m","55-64",130
"CM","Cameroon","m","65+",75
"CM","Cameroon","f","0-14",63
"CM","Cameroon","f","15-24",368
"CM","Cameroon","f","25-34",530
"CM","Cameroon","f","35-44",293
"CM","Cameroon","f","45-54",139
"CM","Cameroon","f","55-64",60
"CM","Cameroon","f","65+",33
"CN","China","m","0-14",1131
"CN","China","m","15-24",19111
"CN","China","m","25-34",29399
"CN","China","m","35-44",25206
"CN","China","m","45-54",25593
"CN","China","m","55-64",21429
"CN","China","m","65+",21771
"CN","China","f","0-14",1420
"CN","China","f","15-24",14536
"CN","China","f","25-34",18496
"CN","China","f","35-44",12377
"CN","China","f","45-54",9899
"CN","China","f","55-64",7102
"CN","China","f","65+",6296
"CO","Colombia","m","0-14",246
"CO","Colombia","m","15-24",763
"CO","Colombia","m","25-34",1030
"CO","Colombia","m","35-44",963
"CO","Colombia","m","45-54",743
"CO","Colombia","m","55-64",610
"CO","Colombia","m","65+",746
"CO","Colombia","f","0-14",194
"CO","Colombia","f","15-24",587
"CO","Colombia","f","25-34",758
"CO","Colombia","f","35-44",523
"CO","Colombia","f","45-54",381
"CO","Colombia","f","55-64",304
"CO","Colombia","f","65+",510
"CR","Costa Rica","m","0-14",14
"CR","Costa Rica","m","15-24",31
"CR","Costa Rica","m","25-34",53
"CR","Costa Rica","m","35-44",62
"CR","Costa Rica","m","45-54",39
"CR","Costa Rica","m","55-64",28
"CR","Costa Rica","m","65+",49
"CR","Costa Rica","f","0-14",13
"CR","Costa Rica","f","15-24",21
"CR","Costa Rica","f","25-34",33
"CR","Costa Rica","f","35-44",24
"CR","Costa Rica","f","45-54",20
"CR","Costa Rica","f","55-64",23
"CR","Costa Rica","f","65+",24
"CU","Cuba","m","0-14",0
"CU","Cuba","m","15-24",71
"CU","Cuba","m","25-34",167
"CU","Cuba","m","35-44",90
"CU","Cuba","m","45-54",74
"CU","Cuba","m","55-64",55
"CU","Cuba","m","65+",75
"CU","Cuba","f","0-14",2
"CU","Cuba","f","15-24",9
"CU","Cuba","f","25-34",22
"CU","Cuba","f","35-44",26
"CU","Cuba","f","45-54",22
"CU","Cuba","f","55-64",23
"CU","Cuba","f","65+",39
"CZ","Czechia","m","0-14",0
"CZ","Czechia","m","15-24",7
"CZ","Czechia","m","25-34",31
"CZ","Czechia","m","35-44",52
"CZ","Czechia","m","45-54",89
"CZ","Czechia","m","55-64",61
"CZ","Czechia","m","65+",59
"CZ","Czechia","f","0-14",0
"CZ","Czechia","f","15-24",15
"CZ","Czechia","f","25-34",13
"CZ","Czechia","f","35-44",9
"CZ","Czechia","f","45-54",10
"CZ","Czechia","f","55-64",7
"CZ","Czechia","f","65+",57
"DJ","Djibouti","m","0-14",17
"DJ","Djibouti","m","15-24",302
"DJ","Djibouti","m","25-34",347
"DJ","Djibouti","m","35-44",139
"DJ","Djibouti","m","45-54",67
"DJ","Djibouti","m","55-64",60
"DJ","Djibouti","m","65+",42
"DJ","Djibouti","f","0-14",12
"DJ","Djibouti","f","15-24",147
"DJ","Djibouti","f","25-34",156
"DJ","Djibouti","f","35-44",47
"DJ","Djibouti","f","45-54",31
"DJ","Djibouti","f","55-64",17
"DJ","Djibouti","f","65+",10
"DK","Denmark","m","0-14",5
"DK","Denmark","m","15-24",10
"DK","Denmark","m","25-34",20
"DK","Denmark","m","35-44",24
"DK","Denmark","m","45-54",16
"DK","Denmark","m","55-64",11
"DK","Denmark","m","65+",14
"DK","Denmark","f","0-14",5
"DK","Denmark","f","15-24",16
"DK","Denmark","f","25-34",15
"DK","Denmark","f","35-44",14
"DK","Denmark","f","45-54",6
"DK","Denmark","f","55-64",7
"DK","Denmark","f","65+",8
"DO","Dominican Republic","m","0-14",73
"DO","Dominican Republic","m","15-24",410
"DO","Dominican Republic","m","25-34",481
"DO","Dominican Republic","m","35-44",344
"DO","Dominican Republic","m","45-54",173
"DO","Dominican Republic","m","55-64",125
"DO","Dominican Republic","m","65+",113
"DO","Dominican Republic","f","0-14",65
"DO","Dominican Republic","f","15-24",317
"DO","Dominican Republic","f","25-34",325
"DO","Dominican Republic","f","35-44",212
"DO","Dominican Republic","f","45-54",115
"DO","Dominican Republic","f","55-64",79
"DO","Dominican Republic","f","65+",75
"DZ","Algeria","m","0-14",59
"DZ","Algeria","m","15-24",927
"DZ","Algeria","m","25-34",1516
"DZ","Algeria","m","35-44",610
"DZ","Algeria","m","45-54",491
"DZ","Algeria","m","55-64",234
"DZ","Algeria","m","65+",299
"DZ","Algeria","f","0-14",36
"DZ","Algeria","f","15-24",1005
"DZ","Algeria","f","25-34",1293
"DZ","Algeria","f","35-44",746
"DZ","Algeria","f","45-54",314
"DZ","Algeria","f","55-64",208
"DZ","Algeria","f","65+",312
"EE","Estonia","m","0-14",0
"EE","Estonia","m","15-24",6
"EE","Estonia","m","25-34",31
"EE","Estonia","m","35-44",53
"EE","Estonia","m","45-54",56
"EE","Estonia","m","55-64",35
"EE","Estonia","m","65+",15
"EE","Estonia","f","0-14",0
"EE","Estonia","f","15-24",9
"EE","Estonia","f","25-34",11
"EE","Estonia","f","35-44",14
"EE","Estonia","f","45-54",11
"EE","Estonia","f","55-64",4
"EE","Estonia","f","65+",10
"EG","Egypt","m","0-14",21
"EG","Egypt","m","15-24",641
"EG","Egypt","m","25-34",827
"EG","Egypt","m","35-44",667
"EG","Egypt","m","45-54",476
"EG","Egypt","m","55-64",307
"EG","Egypt","m","65+",158
"EG","Egypt","f","0-14",55
"EG","Egypt","f","15-24",457
"EG","Egypt","f","25-34",343
"EG","Egypt","f","35-44",257
"EG","Egypt","f","45-54",211
"EG","Egypt","f","55-64",112
"EG","Egypt","f","65+",48
"ER","Eritrea","m","0-14",9
"ER","Eritrea","m","15-24",70
"ER","Eritrea","m","25-34",75
"ER","Eritrea","m","35-44",57
"ER","Eritrea","m","45-54",32
"ER","Eritrea","m","55-64",25
"ER","Eritrea","m","65+",20
"ER","Eritrea","f","0-14",10
"ER","Eritrea","f","15-24",100
"ER","Eritrea","f","25-34",87
"ER","Eritrea","f","35-44",71
"ER","Eritrea","f","45-54",21
"ER","Eritrea","f","55-64",12
"ER","Eritrea","f","65+",8
"ET","Ethiopia","m","0-14",915
"ET","Ethiopia","m","15-24",5095
"ET","Ethiopia","m","25-34",5187
"ET","Ethiopia","m","35-44",3082
"ET","Ethiopia","m","45-54",1495
"ET","Ethiopia","m","55-64",610
"ET","Ethiopia","m","65+",397
"ET","Ethiopia","f","0-14",1037
"ET","Ethiopia","f","15-24",4699
"ET","Ethiopia","f","25-34",4424
"ET","Ethiopia","f","35-44",2105
"ET","Ethiopia","f","45-54",976
"ET","Ethiopia","f","55-64",366
"ET","Ethiopia","f","65+",122
"FI","Finland","m","0-14",0
"FI","Finland","m","15-24",3
"FI","Finland","m","25-34",8
"FI","Finland","m","35-44",22
"FI","Finland","m","45-54",19
"FI","Finland","m","55-64",28
"FI","Finland","m","65+",53
"FI","Finland","f","0-14",0
"FI","Finland","f","15-24",1
"FI","Finland","f","25-34",5
"FI","Finland","f","35-44",3
"FI","Finland","f","45-54",4
"FI","Finland","f","55-64",6
"FI","Finland","f","65+",49
"FJ","Fiji","m","0-14",0
"FJ","Fiji","m","15-24",8
"FJ","Fiji","m","25-34",6
"FJ","Fiji","m","35-44",13
"FJ","Fiji","m","45-54",5
"FJ","Fiji","m","55-64",4
"FJ","Fiji","m","65+",2
"FJ","Fiji","f","0-14",0
"FJ","Fiji","f","15-24",7
"FJ","Fiji","f","25-34",5
"FJ","Fiji","f","35-44",7
"FJ","Fiji","f","45-54",1
"FJ","Fiji","f","55-64",4
"FJ","Fiji","f","65+",0
"FM","Micronesia (Federated States of)","m","0-14",0
"FM","Micronesia (Federated States of)","m","15-24",2
"FM","Micronesia (Federated States of)","m","25-34",0
"FM","Micronesia (Federated States of)","m","35-44",1
"FM","Micronesia (Federated States of)","m","45-54",0
"FM","Micronesia (Federated States of)","m","55-64",0
"FM","Micronesia (Federated States of)","m","65+",1
"FM","Micronesia (Federated States of)","f","0-14",4
"FM","Micronesia (Federated States of)","f","15-24",3
"FM","Micronesia (Federated States of)","f","25-34",1
"FM","Micronesia (Federated States of)","f","35-44",1
"FM","Micronesia (Federated States of)","f","45-54",0
"FM","Micronesia (Federated States of)","f","55-64",1
"FM","Micronesia (Federated States of)","f","65+",1
"FR","France","m","0-14",10
"FR","France","m","15-24",136
"FR","France","m","25-34",248
"FR","France","m","35-44",247
"FR","France","m","45-54",211
"FR","France","m","55-64",125
"FR","France","m","65+",244
"FR","France","f","0-14",18
"FR","France","f","15-24",108
"FR","France","f","25-34",127
"FR","France","f","35-44",89
"FR","France","f","45-54",46
"FR","France","f","55-64",43
"FR","France","f","65+",155
"GB","United Kingdom","m","0-14",8
"GB","United Kingdom","m","15-24",86
"GB","United Kingdom","m","25-34",130
"GB","United Kingdom","m","35-44",96
"GB","United Kingdom","m","45-54",87
"GB","United Kingdom","m","55-64",75
"GB","United Kingdom","m","65+",138
"GB","United Kingdom","f","0-14",9
"GB","United Kingdom","f","15-24",95
"GB","United Kingdom","f","25-34",114
"GB","United Kingdom","f","35-44",60
"GB","United Kingdom","f","45-54",31
"GB","United Kingdom","f","55-64",31
"GB","United Kingdom","f","65+",67
"GE","Georgia","m","0-14",4
"GE","Georgia","m","15-24",76
"GE","Georgia","m","25-34",111
"GE","Georgia","m","35-44",113
"GE","Georgia","m","45-54",63
"GE","Georgia","m","55-64",45
"GE","Georgia","m","65+",28
"GE","Georgia","f","0-14",1
"GE","Georgia","f","15-24",49
"GE","Georgia","f","25-34",37
"GE","Georgia","f","35-44",33
"GE","Georgia","f","45-54",17
"GE","Georgia","f","55-64",10
"GE","Georgia","f","65+",5
"GH","Ghana","m","0-14",73
"GH","Ghana","m","15-24",550
"GH","Ghana","m","25-34",1266
"GH","Ghana","m","35-44",1115
"GH","Ghana","m","45-54",811
"GH","Ghana","m","55-64",495
"GH","Ghana","m","65+",426
"GH","Ghana","f","0-14",74
"GH","Ghana","f","15-24",456
"GH","Ghana","f","25-34",791
"GH","Ghana","f","35-44",566
"GH","Ghana","f","45-54",338
"GH","Ghana","f","55-64",179
"GH","Ghana","f","65+",176
"GN","Guinea","m","0-14",39
"GN","Guinea","m","15-24",551
"GN","Guinea","m","25-34",860
"GN","Guinea","m","35-44",570
"GN","Guinea","m","45-54",282
"GN","Guinea","m","55-64",203
"GN","Guinea","m","65+",103
"GN","Guinea","f","0-14",66
"GN","Guinea","f","15-24",314
"GN","Guinea","f","25-34",446
"GN","Guinea","f","35-44",245
"GN","Guinea","f","45-54",114
"GN","Guinea","f","55-64",82
"GN","Guinea","f","65+",45
"GR","Greece","m","0-14",1
"GR","Greece","m","15-24",10
"GR","Greece","m","25-34",22
"GR","Greece","m","35-44",32
"GR","Greece","m","45-54",24
"GR","Greece","m","55-64",19
"GR","Greece","m","65+",46
"GR","Greece","f","0-14",0
"GR","Greece","f","15-24",2
"GR","Greece","f","25-34",9
"GR","Greece","f","35-44",10
"GR","Greece","f","45-54",5
"GR","Greece","f","55-64",6
"GR","Greece","f","65+",25
"GT","Guatemala","m","0-14",36
"GT","Guatemala","m","15-24",220
"GT","Guatemala","m","25-34",236
"GT","Guatemala","m","35-44",216
"GT","Guatemala","m","45-54",177
"GT","Guatemala","m","55-64",112
"GT","Guatemala","m","65+",140
"GT","Guatemala","f","0-14",41
"GT","Guatemala","f","15-24",199
"GT","Guatemala","f","25-34",167
"GT","Guatemala","f","35-44",175
"GT","Guatemala","f","45-54",135
"GT","Guatemala","f","55-64",87
"GT","Guatemala","f","65+",111
"GU","Guam","m","0-14",2
"GU","Guam","m","15-24",1
"GU","Guam","m","25-34",6
"GU","Guam","m","35-44",6
"GU","Guam","m","45-54",9
"GU","Guam","m","55-64",6
"GU","Guam","m","65+",9
"GU","Guam","f","0-14",0
"GU","Guam","f","15-24",3
"GU","Guam","f","25-34",1
"GU","Guam","f","35-44",2
"GU","Guam","f","45-54",5
"GU","Guam","f","55-64",2
"GU","Guam","f","65+",2
"GW","Guinea-Bissau","m","0-14",2
"GW","Guinea-Bissau","m","15-24",52
"GW","Guinea-Bissau","m","25-34",92
"GW","Guinea-Bissau","m","35-44",80
"GW","Guinea-Bissau","m","45-54",64
"GW","Guinea-Bissau","m","55-64",39
"GW","Guinea-Bissau","m","65+",19
"GW","Guinea-Bissau","f","0-14",4
"GW","Guinea-Bissau","f","15-24",30
"GW","Guinea-Bissau","f","25-34",46
"GW","Guinea-Bissau","f","35-44",47
"GW","Guinea-Bissau","f","45-54",24
"GW","Guinea-Bissau","f","55-64",15
"GW","Guinea-Bissau","f","65+",12
"GY","Guyana","m","0-14",4
"GY","Guyana","m","15-24",20
"GY","Guyana","m","25-34",19
"GY","Guyana","m","35-44",14
"GY","Guyana","m","45-54",7
"GY","Guyana","m","55-64",6
"GY","Guyana","m","65+",9
"GY","Guyana","f","0-14",1
"GY","Guyana","f","15-24",11
"GY","Guyana","f","25-34",8
"GY","Guyana","f","35-44",7
"GY","Guyana","f","45-54",5
"GY","Guyana","f","55-64",5
"GY","Guyana","f","65+",3
"HK","Hong Kong SAR China","m","0-14",4
"HK","Hong Kong SAR China","m","15-24",78
"HK","Hong Kong SAR China","m","25-34",102
"HK","Hong Kong SAR China","m","35-44",160
"HK","Hong Kong SAR China","m","45-54",211
"HK","Hong Kong SAR China","m","55-64",236
"HK","Hong Kong SAR China","m","65+",578
"HK","Hong Kong SAR China","f","0-14",5
"HK","Hong Kong SAR China","f","15-24",65
"HK","Hong Kong SAR China","f","25-34",115
"HK","Hong Kong SAR China","f","35-44",86
"HK","Hong Kong SAR China","f","45-54",44
"HK","Hong Kong SAR China","f","55-64",45
"HK","Hong Kong SAR China","f","65+",211
"HN","Honduras","m","0-14",30
"HN","Honduras","m","15-24",123
"HN","Honduras","m","25-34",371
"HN","Honduras","m","35-44",246
"HN","Honduras","m","45-54",277
"HN","Honduras","m","55-64",214
"HN","Honduras","m","65+",43
"HN","Honduras","f","0-14",25
"HN","Honduras","f","15-24",21
"HN","Honduras","f","25-34",269
"HN","Honduras","f","35-44",258
"HN","Honduras","f","45-54",270
"HN","Honduras","f","55-64",160
"HN","Honduras","f","65+",38
"HT","Haiti","m","0-14",67
"HT","Haiti","m","15-24",836
"HT","Haiti","m","25-34",898
"HT","Haiti","m","35-44",613
"HT","Haiti","m","45-54",350
"HT","Haiti","m","55-64",147
"HT","Haiti","m","65+",118
"HT","Haiti","f","0-14",96
"HT","Haiti","f","15-24",914
"HT","Haiti","f","25-34",857
"HT","Haiti","f","35-44",513
"HT","Haiti","f","45-54",275
"HT","Haiti","f","55-64",132
"HT","Haiti","f","65+",71
"HU","Hungary","m","0-14",0
"HU","Hungary","m","15-24",8
"HU","Hungary","m","25-34",24
"HU","Hungary","m","35-44",85
"HU","Hungary","m","45-54",104
"HU","Hungary","m","55-64",58
"HU","Hungary","m","65+",27
"HU","Hungary","f","0-14",1
"HU","Hungary","f","15-24",7
"HU","Hungary","f","25-34",17
"HU","Hungary","f","35-44",19
"HU","Hungary","f","45-54",22
"HU","Hungary","f","55-64",10
"HU","Hungary","f","65+",30
"IE","Ireland","m","0-14",0
"IE","Ireland","m","15-24",10
"IE","Ireland","m","25-34",7
"IE","Ireland","m","35-44",7
"IE","Ireland","m","45-54",6
"IE","Ireland","m","55-64",4
"IE","Ireland","m","65+",12
"IE","Ireland","f","0-14",0
"IE","Ireland","f","15-24",13
"IE","Ireland","f","25-34",8
"IE","Ireland","f","35-44",13
"IE","Ireland","f","45-54",6
"IE","Ireland","f","55-64",7
"IE","Ireland","f","65+",15
"IL","Israel","m","0-14",0
"IL","Israel","m","15-24",16
"IL","Israel","m","25-34",28
"IL","Israel","m","35-44",17
"IL","Israel","m","45-54",24
"IL","Israel","m","55-64",10
"IL","Israel","m","65+",31
"IL","Israel","f","0-14",2
"IL","Israel","f","15-24",11
"IL","Israel","f","25-34",15
"IL","Israel","f","35-44",7
"IL","Israel","f","45-54",3
"IL","Israel","f","55-64",7
"IL","Israel","f","65+",25
"IN","India","m","0-14",1588
"IN","India","m","15-24",20963
"IN","India","m","25-34",31090
"IN","India","m","35-44",30829
"IN","India","m","45-54",24230
"IN","India","m","55-64",15308
"IN","India","m","65+",8534
"IN","India","f","0-14",2250
"IN","India","f","15-24",14495
"IN","India","f","25-34",17287
"IN","India","f","35-44",11768
"IN","India","f","45-54",7516
"IN","India","f","55-64",4594
"IN","India","f","65+",2697
"IQ","Iraq","m","0-14",21
"IQ","Iraq","m","15-24",627
"IQ","Iraq","m","25-34",317
"IQ","Iraq","m","35-44",297
"IQ","Iraq","m","45-54",205
"IQ","Iraq","m","55-64",135
"IQ","Iraq","m","65+",101
"IQ","Iraq","f","0-14",37
"IQ","Iraq","f","15-24",338
"IQ","Iraq","f","25-34",241
"IQ","Iraq","f","35-44",136
"IQ","Iraq","f","45-54",134
"IQ","Iraq","f","55-64",103
"IQ","Iraq","f","65+",87
"IR","Iran","m","0-14",29
"IR","Iran","m","15-24",438
"IR","Iran","m","25-34",467
"IR","Iran","m","35-44",387
"IR","Iran","m","45-54",295
"IR","Iran","m","55-64",344
"IR","Iran","m","65+",642
"IR","Iran","f","0-14",77
"IR","Iran","f","15-24",593
"IR","Iran","f","25-34",410
"IR","Iran","f","35-44",322
"IR","Iran","f","45-54",320
"IR","Iran","f","55-64",407
"IR","Iran","f","65+",647
"IS","Iceland","f","0-14",0
"IS","Iceland","f","25-34",1
"IT","Italy","m","0-14",12
"IT","Italy","m","15-24",63
"IT","Italy","m","25-34",96
"IT","Italy","m","35-44",75
"IT","Italy","m","45-54",58
"IT","Italy","m","55-64",54
"IT","Italy","m","65+",112
"IT","Italy","f","0-14",6
"IT","Italy","f","15-24",38
"IT","Italy","f","25-34",58
"IT","Italy","f","35-44",33
"IT","Italy","f","45-54",13
"IT","Italy","f","55-64",19
"IT","Italy","f","65+",39
"JM","Jamaica","m","0-14",0
"JM","Jamaica","m","15-24",6
"JM","Jamaica","m","25-34",13
"JM","Jamaica","m","35-44",13
"JM","Jamaica","m","45-54",15
"JM","Jamaica","m","55-64",6
"JM","Jamaica","m","65+",5
"JM","Jamaica","f","0-14",1
"JM","Jamaica","f","15-24",8
"JM","Jamaica","f","25-34",8
"JM","Jamaica","f","35-44",7
"JM","Jamaica","f","45-54",2
"JM","Jamaica","f","55-64",5
"JM","Jamaica","f","65+",1
"JO","Jordan","m","0-14",0
"JO","Jordan","m","15-24",8
"JO","Jordan","m","25-34",16
"JO","Jordan","m","35-44",13
"JO","Jordan","m","45-54",9
"JO","Jordan","m","55-64",14
"JO","Jordan","m","65+",2
"JO","Jordan","f","0-14",0
"JO","Jordan","f","15-24",8
"JO","Jordan","f","25-34",9
"JO","Jordan","f","35-44",1
"JO","Jordan","f","45-54",2
"JO","Jordan","f","55-64",2
"JO","Jordan","f","65+",5
"JP","Japan","m","0-14",2
"JP","Japan","m","15-24",246
"JP","Japan","m","25-34",572
"JP","Japan","m","35-44",676
"JP","Japan","m","45-54",1494
"JP","Japan","m","55-64",1509
"JP","Japan","m","65+",3816
"JP","Japan","f","0-14",5
"JP","Japan","f","15-24",222
"JP","Japan","f","25-34",464
"JP","Japan","f","35-44",213
"JP","Japan","f","45-54",292
"JP","Japan","f","55-64",384
"JP","Japan","f","65+",1958
"KE","Kenya","m","0-14",264
"KE","Kenya","m","15-24",3739
"KE","Kenya","m","25-34",6653
"KE","Kenya","m","35-44",3548
"KE","Kenya","m","45-54",1630
"KE","Kenya","m","55-64",630
"KE","Kenya","m","65+",414
"KE","Kenya","f","0-14",416
"KE","Kenya","f","15-24",3916
"KE","Kenya","f","25-34",4363
"KE","Kenya","f","35-44",1874
"KE","Kenya","f","45-54",831
"KE","Kenya","f","55-64",347
"KE","Kenya","f","65+",148
"KG","Kyrgyzstan","m","0-14",4
"KG","Kyrgyzstan","m","15-24",128
"KG","Kyrgyzstan","m","25-34",227
"KG","Kyrgyzstan","m","35-44",205
"KG","Kyrgyzstan","m","45-54",115
"KG","Kyrgyzstan","m","55-64",52
"KG","Kyrgyzstan","m","65+",46
"KG","Kyrgyzstan","f","0-14",6
"KG","Kyrgyzstan","f","15-24",128
"KG","Kyrgyzstan","f","25-34",146
"KG","Kyrgyzstan","f","35-44",100
"KG","Kyrgyzstan","f","45-54",41
"KG","Kyrgyzstan","f","55-64",30
"KG","Kyrgyzstan","f","65+",29
"KH","Cambodia","m","0-14",26
"KH","Cambodia","m","15-24",519
"KH","Cambodia","m","25-34",1323
"KH","Cambodia","m","35-44",1618
"KH","Cambodia","m","45-54",1456
"KH","Cambodia","m","55-64",1373
"KH","Cambodia","m","65+",1058
"KH","Cambodia","f","0-14",38
"KH","Cambodia","f","15-24",457
"KH","Cambodia","f","25-34",1157
"KH","Cambodia","f","35-44",1649
"KH","Cambodia","f","45-54",1798
"KH","Cambodia","f","55-64",1459
"KH","Cambodia","f","65+",892
"KI","Kiribati","m","0-14",2
"KI","Kiribati","m","15-24",9
"KI","Kiribati","m","25-34",3
"KI","Kiribati","m","35-44",3
"KI","Kiribati","m","45-54",3
"KI","Kiribati","m","55-64",8
"KI","Kiribati","m","65+",2
"KI","Kiribati","f","0-14",2
"KI","Kiribati","f","15-24",5
"KI","Kiribati","f","25-34",6
"KI","Kiribati","f","35-44",3
"KI","Kiribati","f","45-54",4
"KI","Kiribati","f","55-64",1
"KI","Kiribati","f","65+",3
"KM","Comoros","m","0-14",0
"KM","Comoros","m","15-24",18
"KM","Comoros","m","25-34",7
"KM","Comoros","m","35-44",14
"KM","Comoros","m","45-54",9
"KM","Comoros","m","55-64",3
"KM","Comoros","m","65+",4
"KM","Comoros","f","0-14",1
"KM","Comoros","f","15-24",9
"KM","Comoros","f","25-34",6
"KM","Comoros","f","35-44",12
"KM","Comoros","f","45-54",1
"KM","Comoros","f","55-64",2
"KM","Comoros","f","65+",1
"KP","North Korea","m","0-14",293
"KP","North Korea","m","15-24",928
"KP","North Korea","m","25-34",1508
"KP","North Korea","m","35-44",2927
"KP","North Korea","m","45-54",2519
"KP","North Korea","m","55-64",1167
"KP","North Korea","m","65+",651
"KP","North Korea","f","0-14",167
"KP","North Korea","f","15-24",683
"KP","North Korea","f","25-34",1121
"KP","North Korea","f","35-44",2004
"KP","North Korea","f","45-54",1524
"KP","North Korea","f","55-64",591
"KP","North Korea","f","65+",357
"KR","South Korea","m","0-14",19
"KR","South Korea","m","15-24",821
"KR","South Korea","m","25-34",1085
"KR","South Korea","m","35-44",988
"KR","South Korea","m","45-54",853
"KR","South Korea","m","55-64",731
"KR","South Korea","m","65+",901
"KR","South Korea","f","0-14",25
"KR","South Korea","f","15-24",546
"KR","South Korea","f","25-34",544
"KR","South Korea","f","35-44",393
"KR","South Korea","f","45-54",220
"KR","South Korea","f","55-64",295
"KR","South Korea","f","65+",795
"KW","Kuwait","m","0-14",0
"KW","Kuwait","m","15-24",10
"KW","Kuwait","m","25-34",44
"KW","Kuwait","m","35-44",32
"KW","Kuwait","m","45-54",21
"KW","Kuwait","m","55-64",11
"KW","Kuwait","m","65+",5
"KW","Kuwait","f","0-14",1
"KW","Kuwait","f","15-24",11
"KW","Kuwait","f","25-34",24
"KW","Kuwait","f","35-44",12
"KW","Kuwait","f","45-54",5
"KW","Kuwait","f","55-64",3
"KW","Kuwait","f","65+",1
"KY","Cayman Islands","m","0-14",0
"KY","Cayman Islands","m","15-24",0
"KY","Cayman Islands","m","25-34",3
"KY","Cayman Islands","m","35-44",1
"KY","Cayman Islands","m","45-54",0
"KY","Cayman Islands","m","55-64",1
"KY","Cayman Islands","m","65+",0
"KZ","Kazakhstan","m","0-14",36
"KZ","Kazakhstan","m","15-24",1057
"KZ","Kazakhstan","m","25-34",1409
"KZ","Kazakhstan","m","35-44",1379
"KZ","Kazakhstan","m","45-54",923
"KZ","Kazakhstan","m","55-64",439
"KZ","Kazakhstan","m","65+",218
"KZ","Kazakhstan","f","0-14",84
"KZ","Kazakhstan","f","15-24",999
"KZ","Kazakhstan","f","25-34",1079
"KZ","Kazakhstan","f","35-44",599
"KZ","Kazakhstan","f","45-54",275
"KZ","Kazakhstan","f","55-64",202
"KZ","Kazakhstan","f","65+",204
"LA","Laos","m","0-14",7
"LA","Laos","m","15-24",92
"LA","Laos","m","25-34",128
"LA","Laos","m","35-44",166
"LA","Laos","m","45-54",201
"LA","Laos","m","55-64",177
"LA","Laos","m","65+",176
"LA","Laos","f","0-14",10
"LA","Laos","f","15-24",59
"LA","Laos","f","25-34",95
"LA","Laos","f","35-44",131
"LA","Laos","f","45-54",122
"LA","Laos","f","55-64",91
"LA","Laos","f","65+",71
"LB","Lebanon","m","0-14",5
"LB","Lebanon","m","15-24",16
"LB","Lebanon","m","25-34",28
"LB","Lebanon","m","35-44",20
"LB","Lebanon","m","45-54",15
"LB","Lebanon","m","55-64",17
"LB","Lebanon","m","65+",14
"LB","Lebanon","f","0-14",4
"LB","Lebanon","f","15-24",31
"LB","Lebanon","f","25-34",26
"LB","Lebanon","f","35-44",9
"LB","Lebanon","f","45-54",7
"LB","Lebanon","f","55-64",4
"LB","Lebanon","f","65+",6
"LC","St. Lucia","m","0-14",0
"LC","St. Lucia","m","15-24",0
"LC","St. Lucia","m","25-34",0
"LC","St. Lucia","m","35-44",1
"LC","St. Lucia","m","45-54",0
"LC","St. Lucia","m","55-64",1
"LC","St. Lucia","m","65+",2
"LC","St. Lucia","f","0-14",0
"LC","St. Lucia","f","15-24",1
"LC","St. Lucia","f","25-34",0
"LC","St. Lucia","f","35-44",1
"LC","St. Lucia","f","45-54",0
"LC","St. Lucia","f","55-64",1
"LC","St. Lucia","f","65+",0
"LK","Sri Lanka","m","0-14",25
"LK","Sri Lanka","m","15-24",266
"LK","Sri Lanka","m","25-34",459
"LK","Sri Lanka","m","35-44",695
"LK","Sri Lanka","m","45-54",793
"LK","Sri Lanka","m","55-64",484
"LK","Sri Lanka","m","65+",360
"LK","Sri Lanka","f","0-14",23
"LK","Sri Lanka","f","15-24",312
"LK","Sri Lanka","f","25-34",264
"LK","Sri Lanka","f","35-44",176
"LK","Sri Lanka","f","45-54",202
"LK","Sri Lanka","f","55-64",144
"LK","Sri Lanka","f","65+",113
"LR","Liberia","m","0-14",12
"LR","Liberia","m","15-24",133
"LR","Liberia","m","25-34",196
"LR","Liberia","m","35-44",127
"LR","Liberia","m","45-54",52
"LR","Liberia","m","55-64",17
"LR","Liberia","m","65+",26
"LR","Liberia","f","0-14",21
"LR","Liberia","f","15-24",140
"LR","Liberia","f","25-34",149
"LR","Liberia","f","35-44",88
"LR","Liberia","f","45-54",28
"LR","Liberia","f","55-64",16
"LR","Liberia","f","65+",16
"LS","Lesotho","m","0-14",8
"LS","Lesotho","m","15-24",165
"LS","Lesotho","m","25-34",458
"LS","Lesotho","m","35-44",517
"LS","Lesotho","m","45-54",395
"LS","Lesotho","m","55-64",198
"LS","Lesotho","m","65+",76
"LS","Lesotho","f","0-14",11
"LS","Lesotho","f","15-24",222
"LS","Lesotho","f","25-34",336
"LS","Lesotho","f","35-44",195
"LS","Lesotho","f","45-54",83
"LS","Lesotho","f","55-64",36
"LS","Lesotho","f","65+",29
"LT","Lithuania","m","0-14",1
"LT","Lithuania","m","15-24",38
"LT","Lithuania","m","25-34",97
"LT","Lithuania","m","35-44",145
"LT","Lithuania","m","45-54",155
"LT","Lithuania","m","55-64",74
"LT","Lithuania","m","65+",68
"LT","Lithuania","f","0-14",0
"LT","Lithuania","f","15-24",20
"LT","Lithuania","f","25-34",37
"LT","Lithuania","f","35-44",39
"LT","Lithuania","f","45-54",32
"LT","Lithuania","f","55-64",22
"LT","Lithuania","f","65+",48
"LV","Latvia","m","0-14",0
"LV","Latvia","m","15-24",53
"LV","Latvia","m","25-34",106
"LV","Latvia","m","35-44",124
"LV","Latvia","m","45-54",111
"LV","Latvia","m","55-64",64
"LV","Latvia","m","65+",34
"LV","Latvia","f","0-14",2
"LV","Latvia","f","15-24",25
"LV","Latvia","f","25-34",41
"LV","Latvia","f","35-44",27
"LV","Latvia","f","45-54",28
"LV","Latvia","f","55-64",7
"LV","Latvia","f","65+",15
"LY","Libya","m","0-14",5
"LY","Libya","m","15-24",101
"LY","Libya","m","25-34",239
"LY","Libya","m","35-44",86
"LY","Libya","m","45-54",36
"LY","Libya","m","55-64",29
"LY","Libya","m","65+",32
"LY","Libya","f","0-14",6
"LY","Libya","f","15-24",43
"LY","Libya","f","25-34",35
"LY","Libya","f","35-44",24
"LY","Libya","f","45-54",24
"LY","Libya","f","55-64",16
"LY","Libya","f","65+",22
"MA","Morocco","m","0-14",99
"MA","Morocco","m","15-24",2061
"MA","Morocco","m","25-34",2423
"MA","Morocco","m","35-44",1705
"MA","Morocco","m","45-54",855
"MA","Morocco","m","55-64",485
"MA","Morocco","m","65+",595
"MA","Morocco","f","0-14",170
"MA","Morocco","f","15-24",1530
"MA","Morocco","f","25-34",1121
"MA","Morocco","f","35-44",672
"MA","Morocco","f","45-54",398
"MA","Morocco","f","55-64",406
"MA","Morocco","f","65+",352
"MD","Moldova","m","0-14",2
"MD","Moldova","m","15-24",52
"MD","Moldova","m","25-34",31
"MD","Moldova","m","35-44",36
"MD","Moldova","m","45-54",13
"MD","Moldova","m","55-64",13
"MD","Moldova","m","65+",6
"MD","Moldova","f","0-14",1
"MD","Moldova","f","15-24",16
"MD","Moldova","f","25-34",32
"MD","Moldova","f","35-44",45
"MD","Moldova","f","45-54",23
"MD","Moldova","f","55-64",14
"MD","Moldova","f","65+",6
"MH","Marshall Islands","m","0-14",3
"MH","Marshall Islands","m","15-24",5
"MH","Marshall Islands","m","25-34",4
"MH","Marshall Islands","m","35-44",1
"MH","Marshall Islands","m","45-54",3
"MH","Marshall Islands","m","55-64",5
"MH","Marshall Islands","m","65+",3
"MH","Marshall Islands","f","0-14",7
"MH","Marshall Islands","f","15-24",7
"MH","Marshall Islands","f","25-34",3
"MH","Marshall Islands","f","35-44",0
"MH","Marshall Islands","f","45-54",2
"MH","Marshall Islands","f","55-64",2
"MH","Marshall Islands","f","65+",0
"MK","North Macedonia","m","0-14",5
"MK","North Macedonia","m","15-24",8
"MK","North Macedonia","m","25-34",14
"MK","North Macedonia","m","35-44",20
"MK","North Macedonia","m","45-54",19
"MK","North Macedonia","m","55-64",20
"MK","North Macedonia","m","65+",14
"MK","North Macedonia","f","0-14",1
"MK","North Macedonia","f","15-24",15
"MK","North Macedonia","f","25-34",14
"MK","North Macedonia","f","35-44",17
"MK","North Macedonia","f","45-54",5
"MK","North Macedonia","f","55-64",5
"MK","North Macedonia","f","65+",10
"ML","Mali","m","0-14",23
"ML","Mali","m","15-24",206
"ML","Mali","m","25-34",430
"ML","Mali","m","35-44",396
"ML","Mali","m","45-54",297
"ML","Mali","m","55-64",235
"ML","Mali","m","65+",144
"ML","Mali","f","0-14",14
"ML","Mali","f","15-24",174
"ML","Mali","f","25-34",232
"ML","Mali","f","35-44",152
"ML","Mali","f","45-54",106
"ML","Mali","f","55-64",75
"ML","Mali","f","65+",43
"MM","Myanmar (Burma)","m","0-14",88
"MM","Myanmar (Burma)","m","15-24",1459
"MM","Myanmar (Burma)","m","25-34",2636
"MM","Myanmar (Burma)","m","35-44",2781
"MM","Myanmar (Burma)","m","45-54",2161
"MM","Myanmar (Burma)","m","55-64",1235
"MM","Myanmar (Burma)","m","65+",836
"MM","Myanmar (Burma)","f","0-14",72
"MM","Myanmar (Burma)","f","15-24",1040
"MM","Myanmar (Burma)","f","25-34",1592
"MM","Myanmar (Burma)","f","35-44",1397
"MM","Myanmar (Burma)","f","45-54",987
"MM","Myanmar (Burma)","f","55-64",592
"MM","Myanmar (Burma)","f","65+",378
"MN","Mongolia","m","0-14",6
"MN","Mongolia","m","15-24",181
"MN","Mongolia","m","25-34",260
"MN","Mongolia","m","35-44",171
"MN","Mongolia","m","45-54",68
"MN","Mongolia","m","55-64",38
"MN","Mongolia","m","65+",23
"MN","Mongolia","f","0-14",32
"MN","Mongolia","f","15-24",200
"MN","Mongolia","f","25-34",213
"MN","Mongolia","f","35-44",113
"MN","Mongolia","f","45-54",41
"MN","Mongolia","f","55-64",26
"MN","Mongolia","f","65+",17
"MO","Macao SAR China","m","0-14",0
"MO","Macao SAR China","m","15-24",10
"MO","Macao SAR China","m","25-34",8
"MO","Macao SAR China","m","35-44",25
"MO","Macao SAR China","m","45-54",22
"MO","Macao SAR China","m","55-64",9
"MO","Macao SAR China","m","65+",17
"MO","Macao SAR China","f","0-14",0
"MO","Macao SAR China","f","15-24",10
"MO","Macao SAR China","f","25-34",4
"MO","Macao SAR China","f","35-44",6
"MO","Macao SAR China","f","45-54",6
"MO","Macao SAR China","f","55-64",3
"MO","Macao SAR China","f","65+",13
"MP","Northern Mariana Islands","m","0-14",1
"MP","Northern Mariana Islands","m","15-24",4
"MP","Northern Mariana Islands","m","25-34",8
"MP","Northern Mariana Islands","m","35-44",9
"MP","Northern Mariana Islands","m","45-54",9
"MP","Northern Mariana Islands","m","55-64",3
"MP","Northern Mariana Islands","m","65+",2
"MP","Northern Mariana Islands","f","0-14",0
"MP","Northern Mariana Islands","f","15-24",10
"MP","Northern Mariana Islands","f","25-34",17
"MP","Northern Mariana Islands","f","35-44",7
"MP","Northern Mariana Islands","f","45-54",3
"MP","Northern Mariana Islands","f","55-64",1
"MP","Northern Mariana Islands","f","65+",1
"MT","Malta","m","0-14",0
"MT","Malta","m","15-24",1
"MT","Malta","m","25-34",0
"MT","Malta","m","35-44",1
"MT","Malta","m","45-54",1
"MT","Malta","m","55-64",0
"MT","Malta","m","65+",1
"MU","Mauritius","m","0-14",2
"MU","Mauritius","m","15-24",6
"MU","Mauritius","m","25-34",9
"MU","Mauritius","m","35-44",18
"MU","Mauritius","m","45-54",19
"MU","Mauritius","m","55-64",14
"MU","Mauritius","m","65+",8
"MU","Mauritius","f","0-14",1
"MU","Mauritius","f","15-24",5
"MU","Mauritius","f","25-34",8
"MU","Mauritius","f","35-44",8
"MU","Mauritius","f","45-54",6
"MU","Mauritius","f","55-64",7
"MU","Mauritius","f","65+",4
"MV","Maldives","m","0-14",0
"MV","Maldives","m","15-24",9
"MV","Maldives","m","25-34",10
"MV","Maldives","m","35-44",2
"MV","Maldives","m","45-54",5
"MV","Maldives","m","55-64",5
"MV","Maldives","m","65+",3
"MV","Maldives","f","0-14",0
"MV","Maldives","f","15-24",11
"MV","Maldives","f","25-34",4
"MV","Maldives","f","35-44",5
"MV","Maldives","f","45-54",4
"MV","Maldives","f","55-64",5
"MV","Maldives","f","65+",2
"MW","Malawi","m","0-14",50
"MW","Malawi","m","15-24",653
"MW","Malawi","m","25-34",1476
"MW","Malawi","m","35-44",1113
"MW","Malawi","m","45-54",585
"MW","Malawi","m","55-64",245
"MW","Malawi","m","65+",114
"MW","Malawi","f","0-14",66
"MW","Malawi","f","15-24",1038
"MW","Malawi","f","25-34",1481
"MW","Malawi","f","35-44",831
"MW","Malawi","f","45-54",401
"MW","Malawi","f","55-64",148
"MW","Malawi","f","65+",64
"MX","Mexico","m","0-14",214
"MX","Mexico","m","15-24",1079
"MX","Mexico","m","25-34",1387
"MX","Mexico","m","35-44",1162
"MX","Mexico","m","45-54",1235
"MX","Mexico","m","55-64",972
"MX","Mexico","m","65+",1126
"MX","Mexico","f","0-14",176
"MX","Mexico","f","15-24",663
"MX","Mexico","f","25-34",828
"MX","Mexico","f","35-44",698
"MX","Mexico","f","45-54",832
"MX","Mexico","f","55-64",595
"MX","Mexico","f","65+",709
"MY","Malaysia","m","0-14",32
"MY","Malaysia","m","15-24",694
"MY","Malaysia","m","25-34",1138
"MY","Malaysia","m","35-44",1177
"MY","Malaysia","m","45-54",908
"MY","Malaysia","m","55-64",814
"MY","Malaysia","m","65+",891
"MY","Malaysia","f","0-14",41
"MY","Malaysia","f","15-24",464
"MY","Malaysia","f","25-34",564
"MY","Malaysia","f","35-44",424
"MY","Malaysia","f","45-54",367
"MY","Malaysia","f","55-64",356
"MY","Malaysia","f","65+",286
NA,NA,"m","0-14",18
NA,NA,"m","15-24",269
NA,NA,"m","25-34",874
NA,NA,"m","35-44",665
NA,NA,"m","45-54",300
NA,NA,"m","55-64",147
NA,NA,"m","65+",81
NA,NA,"f","0-14",16
NA,NA,"f","15-24",352
NA,NA,"f","25-34",654
NA,NA,"f","35-44",348
NA,NA,"f","45-54",161
NA,NA,"f","55-64",76
NA,NA,"f","65+",52
"NC","New Caledonia","m","0-14",1
"NC","New Caledonia","m","15-24",1
"NC","New Caledonia","m","25-34",3
"NC","New Caledonia","m","35-44",4
"NC","New Caledonia","m","45-54",2
"NC","New Caledonia","m","55-64",3
"NC","New Caledonia","m","65+",4
"NC","New Caledonia","f","0-14",1
"NC","New Caledonia","f","15-24",8
"NC","New Caledonia","f","25-34",1
"NC","New Caledonia","f","35-44",1
"NC","New Caledonia","f","45-54",3
"NC","New Caledonia","f","55-64",2
"NC","New Caledonia","f","65+",4
"NE","Niger","m","0-14",29
"NE","Niger","m","15-24",270
"NE","Niger","m","25-34",174
"NE","Niger","m","35-44",441
"NE","Niger","m","45-54",252
"NE","Niger","m","55-64",151
"NE","Niger","m","65+",78
"NE","Niger","f","0-14",31
"NE","Niger","f","15-24",123
"NE","Niger","f","25-34",206
"NE","Niger","f","35-44",168
"NE","Niger","f","45-54",151
"NE","Niger","f","55-64",63
"NE","Niger","f","65+",9
"NG","Nigeria","m","0-14",157
"NG","Nigeria","m","15-24",2173
"NG","Nigeria","m","25-34",3164
"NG","Nigeria","m","35-44",1836
"NG","Nigeria","m","45-54",1091
"NG","Nigeria","m","55-64",566
"NG","Nigeria","m","65+",463
"NG","Nigeria","f","0-14",239
"NG","Nigeria","f","15-24",2934
"NG","Nigeria","f","25-34",2434
"NG","Nigeria","f","35-44",1110
"NG","Nigeria","f","45-54",676
"NG","Nigeria","f","55-64",344
"NG","Nigeria","f","65+",231
"NI","Nicaragua","m","0-14",18
"NI","Nicaragua","m","15-24",194
"NI","Nicaragua","m","25-34",174
"NI","Nicaragua","m","35-44",147
"NI","Nicaragua","m","45-54",108
"NI","Nicaragua","m","55-64",64
"NI","Nicaragua","m","65+",90
"NI","Nicaragua","f","0-14",34
"NI","Nicaragua","f","15-24",188
"NI","Nicaragua","f","25-34",173
"NI","Nicaragua","f","35-44",98
"NI","Nicaragua","f","45-54",76
"NI","Nicaragua","f","55-64",46
"NI","Nicaragua","f","65+",61
"NL","Netherlands","m","0-14",0
"NL","Netherlands","m","15-24",34
"NL","Netherlands","m","25-34",63
"NL","Netherlands","m","35-44",41
"NL","Netherlands","m","45-54",25
"NL","Netherlands","m","55-64",10
"NL","Netherlands","m","65+",21
"NL","Netherlands","f","0-14",4
"NL","Netherlands","f","15-24",29
"NL","Netherlands","f","25-34",22
"NL","Netherlands","f","35-44",16
"NL","Netherlands","f","45-54",9
"NL","Netherlands","f","55-64",5
"NL","Netherlands","f","65+",10
"NO","Norway","m","0-14",0
"NO","Norway","m","15-24",1
"NO","Norway","m","25-34",9
"NO","Norway","m","35-44",3
"NO","Norway","m","45-54",6
"NO","Norway","m","55-64",2
"NO","Norway","m","65+",4
"NO","Norway","f","0-14",1
"NO","Norway","f","15-24",3
"NO","Norway","f","25-34",1
"NO","Norway","f","55-64",2
"NO","Norway","f","65+",5
"NP","Nepal","m","0-14",170
"NP","Nepal","m","15-24",1904
"NP","Nepal","m","25-34",1763
"NP","Nepal","m","35-44",1713
"NP","Nepal","m","45-54",1491
"NP","Nepal","m","55-64",1294
"NP","Nepal","m","65+",772
"NP","Nepal","f","0-14",176
"NP","Nepal","f","15-24",1267
"NP","Nepal","f","25-34",1078
"NP","Nepal","f","35-44",833
"NP","Nepal","f","45-54",575
"NP","Nepal","f","55-64",419
"NP","Nepal","f","65+",228
"NR","Nauru","m","45-54",1
"NR","Nauru","f","45-54",1
"NR","Nauru","f","55-64",1
"NZ","New Zealand","m","0-14",0
"NZ","New Zealand","m","15-24",6
"NZ","New Zealand","m","25-34",5
"NZ","New Zealand","m","35-44",6
"NZ","New Zealand","m","45-54",8
"NZ","New Zealand","m","55-64",10
"NZ","New Zealand","m","65+",7
"NZ","New Zealand","f","0-14",1
"NZ","New Zealand","f","15-24",6
"NZ","New Zealand","f","25-34",6
"NZ","New Zealand","f","35-44",5
"NZ","New Zealand","f","45-54",0
"NZ","New Zealand","f","55-64",4
"NZ","New Zealand","f","65+",10
"OM","Oman","m","0-14",1
"OM","Oman","m","15-24",8
"OM","Oman","m","25-34",9
"OM","Oman","m","35-44",11
"OM","Oman","m","45-54",12
"OM","Oman","m","55-64",9
"OM","Oman","m","65+",11
"OM","Oman","f","0-14",2
"OM","Oman","f","15-24",17
"OM","Oman","f","25-34",5
"OM","Oman","f","35-44",7
"OM","Oman","f","45-54",5
"OM","Oman","f","55-64",11
"OM","Oman","f","65+",6
"PA","Panama","m","0-14",3
"PA","Panama","m","15-24",44
"PA","Panama","m","25-34",78
"PA","Panama","m","35-44",61
"PA","Panama","m","45-54",37
"PA","Panama","m","55-64",27
"PA","Panama","m","65+",26
"PA","Panama","f","0-14",6
"PA","Panama","f","15-24",43
"PA","Panama","f","25-34",34
"PA","Panama","f","35-44",35
"PA","Panama","f","45-54",19
"PA","Panama","f","55-64",12
"PA","Panama","f","65+",16
"PE","Peru","m","0-14",552
"PE","Peru","m","15-24",5290
"PE","Peru","m","25-34",2875
"PE","Peru","m","35-44",1546
"PE","Peru","m","45-54",1041
"PE","Peru","m","55-64",801
"PE","Peru","m","65+",796
"PE","Peru","f","0-14",633
"PE","Peru","f","15-24",3686
"PE","Peru","f","25-34",2472
"PE","Peru","f","35-44",1156
"PE","Peru","f","45-54",609
"PE","Peru","f","55-64",499
"PE","Peru","f","65+",624
"PF","French Polynesia","m","0-14",1
"PF","French Polynesia","m","15-24",3
"PF","French Polynesia","m","25-34",3
"PF","French Polynesia","m","35-44",4
"PF","French Polynesia","m","45-54",4
"PF","French Polynesia","m","55-64",4
"PF","French Polynesia","m","65+",3
"PF","French Polynesia","f","0-14",1
"PF","French Polynesia","f","15-24",4
"PF","French Polynesia","f","25-34",1
"PF","French Polynesia","f","35-44",0
"PF","French Polynesia","f","45-54",1
"PF","French Polynesia","f","55-64",0
"PF","French Polynesia","f","65+",0
"PG","Papua New Guinea","m","0-14",8
"PG","Papua New Guinea","m","15-24",87
"PG","Papua New Guinea","m","25-34",70
"PG","Papua New Guinea","m","35-44",30
"PG","Papua New Guinea","m","45-54",21
"PG","Papua New Guinea","m","55-64",12
"PG","Papua New Guinea","m","65+",5
"PG","Papua New Guinea","f","0-14",6
"PG","Papua New Guinea","f","15-24",77
"PG","Papua New Guinea","f","25-34",45
"PG","Papua New Guinea","f","35-44",21
"PG","Papua New Guinea","f","45-54",15
"PG","Papua New Guinea","f","55-64",5
"PG","Papua New Guinea","f","65+",1
"PK","Pakistan","m","0-14",55
"PK","Pakistan","m","15-24",498
"PK","Pakistan","m","25-34",387
"PK","Pakistan","m","35-44",256
"PK","Pakistan","m","45-54",232
"PK","Pakistan","m","55-64",153
"PK","Pakistan","m","65+",130
"PK","Pakistan","f","0-14",130
"PK","Pakistan","f","15-24",591
"PK","Pakistan","f","25-34",416
"PK","Pakistan","f","35-44",274
"PK","Pakistan","f","45-54",163
"PK","Pakistan","f","55-64",103
"PK","Pakistan","f","65+",56
"PL","Poland","m","0-14",1
"PL","Poland","m","15-24",99
"PL","Poland","m","25-34",303
"PL","Poland","m","35-44",812
"PL","Poland","m","45-54",782
"PL","Poland","m","55-64",361
"PL","Poland","m","65+",434
"PL","Poland","f","0-14",1
"PL","Poland","f","15-24",99
"PL","Poland","f","25-34",158
"PL","Poland","f","35-44",211
"PL","Poland","f","45-54",170
"PL","Poland","f","55-64",82
"PL","Poland","f","65+",421
"PR","Puerto Rico","m","0-14",0
"PR","Puerto Rico","m","15-24",1
"PR","Puerto Rico","m","25-34",4
"PR","Puerto Rico","m","35-44",19
"PR","Puerto Rico","m","45-54",9
"PR","Puerto Rico","m","55-64",10
"PR","Puerto Rico","m","65+",14
"PR","Puerto Rico","f","0-14",1
"PR","Puerto Rico","f","15-24",4
"PR","Puerto Rico","f","25-34",5
"PR","Puerto Rico","f","35-44",3
"PR","Puerto Rico","f","45-54",7
"PR","Puerto Rico","f","55-64",1
"PR","Puerto Rico","f","65+",3
"PT","Portugal","m","0-14",8
"PT","Portugal","m","15-24",147
"PT","Portugal","m","25-34",375
"PT","Portugal","m","35-44",349
"PT","Portugal","m","45-54",208
"PT","Portugal","m","55-64",140
"PT","Portugal","m","65+",140
"PT","Portugal","f","0-14",5
"PT","Portugal","f","15-24",114
"PT","Portugal","f","25-34",154
"PT","Portugal","f","35-44",87
"PT","Portugal","f","45-54",41
"PT","Portugal","f","55-64",25
"PT","Portugal","f","65+",64
"PY","Paraguay","m","0-14",16
"PY","Paraguay","m","15-24",112
"PY","Paraguay","m","25-34",103
"PY","Paraguay","m","35-44",105
"PY","Paraguay","m","45-54",86
"PY","Paraguay","m","55-64",80
"PY","Paraguay","m","65+",71
"PY","Paraguay","f","0-14",12
"PY","Paraguay","f","15-24",69
"PY","Paraguay","f","25-34",86
"PY","Paraguay","f","35-44",41
"PY","Paraguay","f","45-54",41
"PY","Paraguay","f","55-64",30
"PY","Paraguay","f","65+",46
"QA","Qatar","m","0-14",0
"QA","Qatar","m","15-24",7
"QA","Qatar","m","25-34",19
"QA","Qatar","m","35-44",9
"QA","Qatar","m","45-54",7
"QA","Qatar","m","55-64",2
"QA","Qatar","m","65+",1
"QA","Qatar","f","0-14",0
"QA","Qatar","f","15-24",0
"QA","Qatar","f","25-34",4
"QA","Qatar","f","35-44",3
"QA","Qatar","f","45-54",1
"QA","Qatar","f","55-64",0
"QA","Qatar","f","65+",0
"RO","Romania","m","0-14",46
"RO","Romania","m","15-24",832
"RO","Romania","m","25-34",1508
"RO","Romania","m","35-44",1799
"RO","Romania","m","45-54",1684
"RO","Romania","m","55-64",916
"RO","Romania","m","65+",533
"RO","Romania","f","0-14",53
"RO","Romania","f","15-24",701
"RO","Romania","f","25-34",766
"RO","Romania","f","35-44",484
"RO","Romania","f","45-54",341
"RO","Romania","f","55-64",207
"RO","Romania","f","65+",321
"RU","Russia","m","0-14",1
"RU","Russia","m","15-24",295
"RU","Russia","m","25-34",526
"RU","Russia","m","35-44",596
"RU","Russia","m","45-54",402
"RU","Russia","m","55-64",151
"RU","Russia","m","65+",54
"RU","Russia","f","0-14",1
"RU","Russia","f","15-24",43
"RU","Russia","f","25-34",73
"RU","Russia","f","35-44",74
"RU","Russia","f","45-54",38
"RU","Russia","f","55-64",31
"RU","Russia","f","65+",44
"RW","Rwanda","m","0-14",155
"RW","Rwanda","m","15-24",466
"RW","Rwanda","m","25-34",974
"RW","Rwanda","m","35-44",824
"RW","Rwanda","m","45-54",393
"RW","Rwanda","m","55-64",129
"RW","Rwanda","m","65+",56
"RW","Rwanda","f","0-14",105
"RW","Rwanda","f","15-24",396
"RW","Rwanda","f","25-34",473
"RW","Rwanda","f","35-44",309
"RW","Rwanda","f","45-54",109
"RW","Rwanda","f","55-64",52
"RW","Rwanda","f","65+",14
"SA","Saudi Arabia","m","0-14",0
"SA","Saudi Arabia","m","15-24",131
"SA","Saudi Arabia","m","25-34",268
"SA","Saudi Arabia","m","35-44",213
"SA","Saudi Arabia","m","45-54",158
"SA","Saudi Arabia","m","55-64",86
"SA","Saudi Arabia","m","65+",107
"SA","Saudi Arabia","f","0-14",28
"SA","Saudi Arabia","f","15-24",172
"SA","Saudi Arabia","f","25-34",182
"SA","Saudi Arabia","f","35-44",79
"SA","Saudi Arabia","f","45-54",51
"SA","Saudi Arabia","f","55-64",50
"SA","Saudi Arabia","f","65+",70
"SB","Solomon Islands","m","0-14",3
"SB","Solomon Islands","m","15-24",13
"SB","Solomon Islands","m","25-34",4
"SB","Solomon Islands","m","35-44",8
"SB","Solomon Islands","m","45-54",8
"SB","Solomon Islands","m","55-64",10
"SB","Solomon Islands","m","65+",6
"SB","Solomon Islands","f","0-14",8
"SB","Solomon Islands","f","15-24",15
"SB","Solomon Islands","f","25-34",13
"SB","Solomon Islands","f","35-44",7
"SB","Solomon Islands","f","45-54",7
"SB","Solomon Islands","f","55-64",5
"SB","Solomon Islands","f","65+",2
"SC","Seychelles","m","25-34",2
"SC","Seychelles","m","35-44",4
"SC","Seychelles","m","45-54",1
"SC","Seychelles","m","55-64",1
"SC","Seychelles","f","25-34",1
"SC","Seychelles","f","35-44",0
"SC","Seychelles","f","45-54",1
"SC","Seychelles","f","55-64",1
"SD","Sudan","m","0-14",785
"SD","Sudan","m","15-24",1028
"SD","Sudan","m","25-34",1511
"SD","Sudan","m","35-44",1351
"SD","Sudan","m","45-54",1119
"SD","Sudan","m","55-64",638
"SD","Sudan","m","65+",677
"SD","Sudan","f","0-14",817
"SD","Sudan","f","15-24",925
"SD","Sudan","f","25-34",1134
"SD","Sudan","f","35-44",905
"SD","Sudan","f","45-54",771
"SD","Sudan","f","55-64",327
"SD","Sudan","f","65+",323
"SE","Sweden","m","0-14",0
"SE","Sweden","m","15-24",9
"SE","Sweden","m","25-34",10
"SE","Sweden","m","35-44",12
"SE","Sweden","m","45-54",11
"SE","Sweden","m","55-64",4
"SE","Sweden","m","65+",25
"SE","Sweden","f","0-14",1
"SE","Sweden","f","15-24",9
"SE","Sweden","f","25-34",8
"SE","Sweden","f","35-44",10
"SE","Sweden","f","45-54",2
"SE","Sweden","f","55-64",2
"SE","Sweden","f","65+",15
"SG","Singapore","m","0-14",1
"SG","Singapore","m","15-24",8
"SG","Singapore","m","25-34",9
"SG","Singapore","m","35-44",34
"SG","Singapore","m","45-54",51
"SG","Singapore","m","55-64",26
"SG","Singapore","m","65+",64
"SG","Singapore","f","0-14",1
"SG","Singapore","f","15-24",9
"SG","Singapore","f","25-34",8
"SG","Singapore","f","35-44",7
"SG","Singapore","f","45-54",9
"SG","Singapore","f","55-64",5
"SG","Singapore","f","65+",16
"SI","Slovenia","m","0-14",0
"SI","Slovenia","m","15-24",3
"SI","Slovenia","m","25-34",11
"SI","Slovenia","m","35-44",36
"SI","Slovenia","m","45-54",22
"SI","Slovenia","m","55-64",14
"SI","Slovenia","m","65+",17
"SI","Slovenia","f","0-14",0
"SI","Slovenia","f","15-24",3
"SI","Slovenia","f","25-34",9
"SI","Slovenia","f","35-44",3
"SI","Slovenia","f","45-54",4
"SI","Slovenia","f","55-64",3
"SI","Slovenia","f","65+",20
"SK","Slovakia","m","0-14",2
"SK","Slovakia","m","15-24",6
"SK","Slovakia","m","25-34",15
"SK","Slovakia","m","35-44",31
"SK","Slovakia","m","45-54",50
"SK","Slovakia","m","55-64",16
"SK","Slovakia","m","65+",32
"SK","Slovakia","f","0-14",0
"SK","Slovakia","f","15-24",5
"SK","Slovakia","f","25-34",9
"SK","Slovakia","f","35-44",7
"SK","Slovakia","f","45-54",5
"SK","Slovakia","f","55-64",4
"SK","Slovakia","f","65+",54
"SL","Sierra Leone","m","0-14",18
"SL","Sierra Leone","m","15-24",287
"SL","Sierra Leone","m","25-34",486
"SL","Sierra Leone","m","35-44",361
"SL","Sierra Leone","m","45-54",190
"SL","Sierra Leone","m","55-64",113
"SL","Sierra Leone","m","65+",47
"SL","Sierra Leone","f","0-14",27
"SL","Sierra Leone","f","15-24",249
"SL","Sierra Leone","f","25-34",298
"SL","Sierra Leone","f","35-44",225
"SL","Sierra Leone","f","45-54",92
"SL","Sierra Leone","f","55-64",49
"SL","Sierra Leone","f","65+",30
"SM","San Marino","m","65+",1
"SN","Senegal","m","0-14",60
"SN","Senegal","m","15-24",772
"SN","Senegal","m","25-34",1297
"SN","Senegal","m","35-44",857
"SN","Senegal","m","45-54",470
"SN","Senegal","m","55-64",279
"SN","Senegal","m","65+",189
"SN","Senegal","f","0-14",77
"SN","Senegal","f","15-24",521
"SN","Senegal","f","25-34",540
"SN","Senegal","f","35-44",376
"SN","Senegal","f","45-54",217
"SN","Senegal","f","55-64",107
"SN","Senegal","f","65+",61
"SO","Somalia","m","0-14",113
"SO","Somalia","m","15-24",740
"SO","Somalia","m","25-34",724
"SO","Somalia","m","35-44",408
"SO","Somalia","m","45-54",254
"SO","Somalia","m","55-64",195
"SO","Somalia","m","65+",142
"SO","Somalia","f","0-14",85
"SO","Somalia","f","15-24",354
"SO","Somalia","f","25-34",319
"SO","Somalia","f","35-44",219
"SO","Somalia","f","45-54",110
"SO","Somalia","f","55-64",72
"SO","Somalia","f","65+",41
"SR","Suriname","m","0-14",1
"SR","Suriname","m","15-24",6
"SR","Suriname","m","25-34",6
"SR","Suriname","m","35-44",3
"SR","Suriname","m","45-54",2
"SR","Suriname","m","55-64",0
"SR","Suriname","m","65+",4
"SR","Suriname","f","0-14",2
"SR","Suriname","f","15-24",3
"SR","Suriname","f","25-34",6
"SR","Suriname","f","35-44",3
"SR","Suriname","f","45-54",0
"SR","Suriname","f","55-64",1
"SR","Suriname","f","65+",1
"ST","So Tom & Prncipe","m","0-14",1
"ST","So Tom & Prncipe","m","15-24",5
"ST","So Tom & Prncipe","m","25-34",11
"ST","So Tom & Prncipe","m","35-44",4
"ST","So Tom & Prncipe","m","45-54",7
"ST","So Tom & Prncipe","m","55-64",3
"ST","So Tom & Prncipe","m","65+",10
"ST","So Tom & Prncipe","f","0-14",3
"ST","So Tom & Prncipe","f","15-24",7
"ST","So Tom & Prncipe","f","25-34",15
"ST","So Tom & Prncipe","f","35-44",5
"ST","So Tom & Prncipe","f","45-54",7
"ST","So Tom & Prncipe","f","55-64",4
"ST","So Tom & Prncipe","f","65+",15
"SV","El Salvador","m","0-14",13
"SV","El Salvador","m","15-24",99
"SV","El Salvador","m","25-34",124
"SV","El Salvador","m","35-44",114
"SV","El Salvador","m","45-54",92
"SV","El Salvador","m","55-64",62
"SV","El Salvador","m","65+",107
"SV","El Salvador","f","0-14",28
"SV","El Salvador","f","15-24",81
"SV","El Salvador","f","25-34",76
"SV","El Salvador","f","35-44",63
"SV","El Salvador","f","45-54",63
"SV","El Salvador","f","55-64",39
"SV","El Salvador","f","65+",47
"SY","Syria","m","0-14",8
"SY","Syria","m","15-24",359
"SY","Syria","m","25-34",289
"SY","Syria","m","35-44",125
"SY","Syria","m","45-54",86
"SY","Syria","m","55-64",76
"SY","Syria","m","65+",55
"SY","Syria","f","0-14",23
"SY","Syria","f","15-24",195
"SY","Syria","f","25-34",101
"SY","Syria","f","35-44",53
"SY","Syria","f","45-54",46
"SY","Syria","f","55-64",38
"SY","Syria","f","65+",28
"SZ","Eswatini","m","0-14",11
"SZ","Eswatini","m","15-24",130
"SZ","Eswatini","m","25-34",352
"SZ","Eswatini","m","35-44",249
"SZ","Eswatini","m","45-54",138
"SZ","Eswatini","m","55-64",37
"SZ","Eswatini","m","65+",17
"SZ","Eswatini","f","0-14",10
"SZ","Eswatini","f","15-24",198
"SZ","Eswatini","f","25-34",298
"SZ","Eswatini","f","35-44",62
"SZ","Eswatini","f","45-54",62
"SZ","Eswatini","f","55-64",24
"SZ","Eswatini","f","65+",5
"TG","Togo","m","0-14",4
"TG","Togo","m","15-24",101
"TG","Togo","m","25-34",168
"TG","Togo","m","35-44",144
"TG","Togo","m","45-54",109
"TG","Togo","m","55-64",48
"TG","Togo","m","65+",39
"TG","Togo","f","0-14",13
"TG","Togo","f","15-24",107
"TG","Togo","f","25-34",124
"TG","Togo","f","35-44",50
"TG","Togo","f","45-54",36
"TG","Togo","f","55-64",24
"TG","Togo","f","65+",15
"TH","Thailand","m","0-14",27
"TH","Thailand","m","15-24",859
"TH","Thailand","m","25-34",2570
"TH","Thailand","m","35-44",2380
"TH","Thailand","m","45-54",2117
"TH","Thailand","m","55-64",1908
"TH","Thailand","m","65+",2213
"TH","Thailand","f","0-14",32
"TH","Thailand","f","15-24",624
"TH","Thailand","f","25-34",1035
"TH","Thailand","f","35-44",780
"TH","Thailand","f","45-54",873
"TH","Thailand","f","55-64",1016
"TH","Thailand","f","65+",1321
"TM","Turkmenistan","m","0-14",16
"TM","Turkmenistan","m","15-24",103
"TM","Turkmenistan","m","25-34",185
"TM","Turkmenistan","m","35-44",144
"TM","Turkmenistan","m","45-54",127
"TM","Turkmenistan","m","55-64",31
"TM","Turkmenistan","m","65+",21
"TM","Turkmenistan","f","0-14",19
"TM","Turkmenistan","f","15-24",73
"TM","Turkmenistan","f","25-34",140
"TM","Turkmenistan","f","35-44",76
"TM","Turkmenistan","f","45-54",31
"TM","Turkmenistan","f","55-64",34
"TM","Turkmenistan","f","65+",17
"TN","Tunisia","m","0-14",16
"TN","Tunisia","m","15-24",139
"TN","Tunisia","m","25-34",208
"TN","Tunisia","m","35-44",156
"TN","Tunisia","m","45-54",109
"TN","Tunisia","m","55-64",65
"TN","Tunisia","m","65+",101
"TN","Tunisia","f","0-14",7
"TN","Tunisia","f","15-24",68
"TN","Tunisia","f","25-34",59
"TN","Tunisia","f","35-44",43
"TN","Tunisia","f","45-54",21
"TN","Tunisia","f","55-64",21
"TN","Tunisia","f","65+",58
"TO","Tonga","m","15-24",2
"TO","Tonga","m","25-34",1
"TO","Tonga","m","35-44",1
"TO","Tonga","m","55-64",1
"TO","Tonga","m","65+",5
"TO","Tonga","f","15-24",1
"TO","Tonga","f","25-34",1
"TO","Tonga","f","35-44",1
"TO","Tonga","f","55-64",1
"TO","Tonga","f","65+",1
"TT","Trinidad & Tobago","m","0-14",0
"TT","Trinidad & Tobago","m","15-24",7
"TT","Trinidad & Tobago","m","25-34",18
"TT","Trinidad & Tobago","m","35-44",27
"TT","Trinidad & Tobago","m","45-54",17
"TT","Trinidad & Tobago","m","55-64",7
"TT","Trinidad & Tobago","m","65+",7
"TT","Trinidad & Tobago","f","0-14",0
"TT","Trinidad & Tobago","f","15-24",5
"TT","Trinidad & Tobago","f","25-34",7
"TT","Trinidad & Tobago","f","35-44",9
"TT","Trinidad & Tobago","f","45-54",5
"TT","Trinidad & Tobago","f","55-64",2
"TT","Trinidad & Tobago","f","65+",4
"TZ","Tanzania","m","0-14",200
"TZ","Tanzania","m","15-24",2357
"TZ","Tanzania","m","25-34",4836
"TZ","Tanzania","m","35-44",3430
"TZ","Tanzania","m","45-54",2022
"TZ","Tanzania","m","55-64",1202
"TZ","Tanzania","m","65+",834
"TZ","Tanzania","f","0-14",257
"TZ","Tanzania","f","15-24",2106
"TZ","Tanzania","f","25-34",3426
"TZ","Tanzania","f","35-44",1738
"TZ","Tanzania","f","45-54",868
"TZ","Tanzania","f","55-64",494
"TZ","Tanzania","f","65+",269
"UA","Ukraine","m","0-14",21
"UA","Ukraine","m","15-24",693
"UA","Ukraine","m","25-34",1552
"UA","Ukraine","m","35-44",2385
"UA","Ukraine","m","45-54",2007
"UA","Ukraine","m","55-64",1062
"UA","Ukraine","m","65+",532
"UA","Ukraine","f","0-14",41
"UA","Ukraine","f","15-24",487
"UA","Ukraine","f","25-34",590
"UA","Ukraine","f","35-44",447
"UA","Ukraine","f","45-54",298
"UA","Ukraine","f","55-64",218
"UA","Ukraine","f","65+",405
"UG","Uganda","m","0-14",283
"UG","Uganda","m","15-24",1511
"UG","Uganda","m","25-34",3497
"UG","Uganda","m","35-44",2479
"UG","Uganda","m","45-54",1279
"UG","Uganda","m","55-64",607
"UG","Uganda","m","65+",395
"UG","Uganda","f","0-14",400
"UG","Uganda","f","15-24",1649
"UG","Uganda","f","25-34",2782
"UG","Uganda","f","35-44",1510
"UG","Uganda","f","45-54",671
"UG","Uganda","f","55-64",316
"UG","Uganda","f","65+",163
"US","United States","m","0-14",6
"US","United States","m","15-24",365
"US","United States","m","25-34",602
"US","United States","m","35-44",906
"US","United States","m","45-54",904
"US","United States","m","55-64",577
"US","United States","m","65+",738
"US","United States","f","0-14",14
"US","United States","f","15-24",246
"US","United States","f","25-34",376
"US","United States","f","35-44",349
"US","United States","f","45-54",253
"US","United States","f","55-64",152
"US","United States","f","65+",396
"UY","Uruguay","m","0-14",0
"UY","Uruguay","m","15-24",36
"UY","Uruguay","m","25-34",48
"UY","Uruguay","m","35-44",45
"UY","Uruguay","m","45-54",41
"UY","Uruguay","m","55-64",30
"UY","Uruguay","m","65+",34
"UY","Uruguay","f","0-14",2
"UY","Uruguay","f","15-24",28
"UY","Uruguay","f","25-34",22
"UY","Uruguay","f","35-44",21
"UY","Uruguay","f","45-54",13
"UY","Uruguay","f","55-64",12
"UY","Uruguay","f","65+",16
"UZ","Uzbekistan","m","0-14",6
"UZ","Uzbekistan","m","15-24",351
"UZ","Uzbekistan","m","25-34",749
"UZ","Uzbekistan","m","35-44",510
"UZ","Uzbekistan","m","45-54",346
"UZ","Uzbekistan","m","55-64",213
"UZ","Uzbekistan","m","65+",107
"UZ","Uzbekistan","f","0-14",11
"UZ","Uzbekistan","f","15-24",261
"UZ","Uzbekistan","f","25-34",547
"UZ","Uzbekistan","f","35-44",288
"UZ","Uzbekistan","f","45-54",213
"UZ","Uzbekistan","f","55-64",112
"UZ","Uzbekistan","f","65+",111
"VC","St. Vincent & Grenadines","m","0-14",0
"VC","St. Vincent & Grenadines","m","15-24",1
"VC","St. Vincent & Grenadines","m","25-34",0
"VC","St. Vincent & Grenadines","m","35-44",4
"VC","St. Vincent & Grenadines","m","45-54",2
"VC","St. Vincent & Grenadines","m","55-64",0
"VC","St. Vincent & Grenadines","m","65+",1
"VC","St. Vincent & Grenadines","f","0-14",1
"VC","St. Vincent & Grenadines","f","15-24",0
"VC","St. Vincent & Grenadines","f","25-34",0
"VC","St. Vincent & Grenadines","f","35-44",0
"VC","St. Vincent & Grenadines","f","45-54",0
"VC","St. Vincent & Grenadines","f","55-64",0
"VC","St. Vincent & Grenadines","f","65+",0
"VG","British Virgin Islands","m","55-64",1
"VN","Vietnam","m","0-14",51
"VN","Vietnam","m","15-24",2367
"VN","Vietnam","m","25-34",6147
"VN","Vietnam","m","35-44",8209
"VN","Vietnam","m","45-54",6713
"VN","Vietnam","m","55-64",5150
"VN","Vietnam","m","65+",7712
"VN","Vietnam","f","0-14",64
"VN","Vietnam","f","15-24",1334
"VN","Vietnam","f","25-34",2320
"VN","Vietnam","f","35-44",2754
"VN","Vietnam","f","45-54",2594
"VN","Vietnam","f","55-64",2847
"VN","Vietnam","f","65+",4907
"VU","Vanuatu","m","0-14",2
"VU","Vanuatu","m","15-24",7
"VU","Vanuatu","m","25-34",5
"VU","Vanuatu","m","35-44",1
"VU","Vanuatu","m","45-54",10
"VU","Vanuatu","m","55-64",5
"VU","Vanuatu","m","65+",2
"VU","Vanuatu","f","0-14",5
"VU","Vanuatu","f","15-24",3
"VU","Vanuatu","f","25-34",15
"VU","Vanuatu","f","35-44",7
"VU","Vanuatu","f","45-54",3
"VU","Vanuatu","f","55-64",3
"VU","Vanuatu","f","65+",1
"WS","Samoa","m","0-14",0
"WS","Samoa","m","15-24",3
"WS","Samoa","m","25-34",1
"WS","Samoa","m","35-44",1
"WS","Samoa","m","45-54",1
"WS","Samoa","m","55-64",2
"WS","Samoa","m","65+",1
"WS","Samoa","f","0-14",0
"WS","Samoa","f","15-24",2
"WS","Samoa","f","25-34",1
"WS","Samoa","f","35-44",1
"WS","Samoa","f","45-54",0
"WS","Samoa","f","55-64",0
"WS","Samoa","f","65+",0
"YE","Yemen","m","0-14",110
"YE","Yemen","m","15-24",789
"YE","Yemen","m","25-34",689
"YE","Yemen","m","35-44",493
"YE","Yemen","m","45-54",314
"YE","Yemen","m","55-64",255
"YE","Yemen","m","65+",127
"YE","Yemen","f","0-14",161
"YE","Yemen","f","15-24",799
"YE","Yemen","f","25-34",627
"YE","Yemen","f","35-44",517
"YE","Yemen","f","45-54",345
"YE","Yemen","f","55-64",247
"YE","Yemen","f","65+",92
"ZA","South Africa","m","0-14",116
"ZA","South Africa","m","15-24",723
"ZA","South Africa","m","25-34",1999
"ZA","South Africa","m","35-44",2135
"ZA","South Africa","m","45-54",1146
"ZA","South Africa","m","55-64",435
"ZA","South Africa","m","65+",212
"ZA","South Africa","f","0-14",122
"ZA","South Africa","f","15-24",1283
"ZA","South Africa","f","25-34",1716
"ZA","South Africa","f","35-44",933
"ZA","South Africa","f","45-54",423
"ZA","South Africa","f","55-64",167
"ZA","South Africa","f","65+",80
"ZM","Zambia","m","0-14",349
"ZM","Zambia","m","15-24",2175
"ZM","Zambia","m","25-34",2610
"ZM","Zambia","m","35-44",3045
"ZM","Zambia","m","45-54",435
"ZM","Zambia","m","55-64",261
"ZM","Zambia","m","65+",174
"ZM","Zambia","f","0-14",150
"ZM","Zambia","f","15-24",932
"ZM","Zambia","f","25-34",1118
"ZM","Zambia","f","35-44",1305
"ZM","Zambia","f","45-54",186
"ZM","Zambia","f","55-64",112
"ZM","Zambia","f","65+",75
